{
  "train_losses": [
    0.586164445043055,
    0.5254454732494457,
    0.49013129422927637,
    0.48335888315965214,
    0.4786510096773255,
    0.4626180740996653,
    0.4599726560359487
  ],
  "val_losses": [
    0.5604290533616288,
    0.48047640469200226,
    0.5092017719159577,
    0.4808942469754282,
    0.4893287141030086,
    0.4874248867196194,
    0.49111066188716423
  ],
  "learning_rates": [
    5e-06,
    5e-06,
    5e-06,
    5e-06,
    5e-06,
    5.000000000000001e-07,
    5.000000000000001e-07
  ],
  "train_metrics": [
    {
      "accuracy": 0.7187639946260636,
      "f1_score": 0.8303925099027728,
      "precision": 0.7192763568309419,
      "recall": 0.9821124361158433,
      "loss": 0.586164445043055,
      "classification_report": {
        "Not Eligible": {
          "precision": 0.7073170731707317,
          "recall": 0.10134797803295058,
          "f1-score": 0.17729257641921398,
          "support": 2003.0
        },
        "Eligible": {
          "precision": 0.7192763568309419,
          "recall": 0.9821124361158433,
          "f1-score": 0.8303925099027728,
          "support": 4696.0
        },
        "accuracy": 0.7187639946260636,
        "macro avg": {
          "precision": 0.7132967150008368,
          "recall": 0.5417302070743969,
          "f1-score": 0.5038425431609934,
          "support": 6699.0
        },
        "weighted avg": {
          "precision": 0.7157005328017733,
          "recall": 0.7187639946260636,
          "f1-score": 0.6351157272833419,
          "support": 6699.0
        }
      },
      "confusion_matrix": [
        [
          203,
          1800
        ],
        [
          84,
          4612
        ]
      ]
    },
    {
      "accuracy": 0.7468278847589193,
      "f1_score": 0.841079460269865,
      "precision": 0.751004016064257,
      "recall": 0.9557069846678024,
      "loss": 0.5254454732494457,
      "classification_report": {
        "Not Eligible": {
          "precision": 0.7123098201936376,
          "recall": 0.25711432850723914,
          "f1-score": 0.37784299339691857,
          "support": 2003.0
        },
        "Eligible": {
          "precision": 0.751004016064257,
          "recall": 0.9557069846678024,
          "f1-score": 0.841079460269865,
          "support": 4696.0
        },
        "accuracy": 0.7468278847589193,
        "macro avg": {
          "precision": 0.7316569181289474,
          "recall": 0.6064106565875207,
          "f1-score": 0.6094612268333918,
          "support": 6699.0
        },
        "weighted avg": {
          "precision": 0.739434457275057,
          "recall": 0.7468278847589193,
          "f1-score": 0.7025718258249462,
          "support": 6699.0
        }
      },
      "confusion_matrix": [
        [
          515,
          1488
        ],
        [
          208,
          4488
        ]
      ]
    },
    {
      "accuracy": 0.767875802358561,
      "f1_score": 0.8522284519623682,
      "precision": 0.7695211944396774,
      "recall": 0.954855195911414,
      "loss": 0.49013129422927637,
      "classification_report": {
        "Not Eligible": {
          "precision": 0.7568807339449541,
          "recall": 0.3295057413879181,
          "f1-score": 0.4591304347826087,
          "support": 2003.0
        },
        "Eligible": {
          "precision": 0.7695211944396774,
          "recall": 0.954855195911414,
          "f1-score": 0.8522284519623682,
          "support": 4696.0
        },
        "accuracy": 0.767875802358561,
        "macro avg": {
          "precision": 0.7632009641923158,
          "recall": 0.642180468649666,
          "f1-score": 0.6556794433724884,
          "support": 6699.0
        },
        "weighted avg": {
          "precision": 0.7657416986386727,
          "recall": 0.767875802358561,
          "f1-score": 0.7346922035057242,
          "support": 6699.0
        }
      },
      "confusion_matrix": [
        [
          660,
          1343
        ],
        [
          212,
          4484
        ]
      ]
    },
    {
      "accuracy": 0.7696671144947007,
      "f1_score": 0.8528935074840309,
      "precision": 0.7721387881926463,
      "recall": 0.9525127768313458,
      "loss": 0.48335888315965214,
      "classification_report": {
        "Not Eligible": {
          "precision": 0.7538631346578366,
          "recall": 0.34098851722416373,
          "f1-score": 0.4695771742866965,
          "support": 2003.0
        },
        "Eligible": {
          "precision": 0.7721387881926463,
          "recall": 0.9525127768313458,
          "f1-score": 0.8528935074840309,
          "support": 4696.0
        },
        "accuracy": 0.7696671144947007,
        "macro avg": {
          "precision": 0.7630009614252414,
          "recall": 0.6467506470277548,
          "f1-score": 0.6612353408853637,
          "support": 6699.0
        },
        "weighted avg": {
          "precision": 0.7666743705138548,
          "recall": 0.7696671144947007,
          "f1-score": 0.7382819810779613,
          "support": 6699.0
        }
      },
      "confusion_matrix": [
        [
          683,
          1320
        ],
        [
          223,
          4473
        ]
      ]
    },
    {
      "accuracy": 0.77414539483505,
      "f1_score": 0.8553398986518788,
      "precision": 0.7761582509109839,
      "recall": 0.9525127768313458,
      "loss": 0.4786510096773255,
      "classification_report": {
        "Not Eligible": {
          "precision": 0.7617521367521367,
          "recall": 0.35596605092361455,
          "f1-score": 0.4851990472949983,
          "support": 2003.0
        },
        "Eligible": {
          "precision": 0.7761582509109839,
          "recall": 0.9525127768313458,
          "f1-score": 0.8553398986518788,
          "support": 4696.0
        },
        "accuracy": 0.77414539483505,
        "macro avg": {
          "precision": 0.7689551938315603,
          "recall": 0.6542394138774802,
          "f1-score": 0.6702694729734385,
          "support": 6699.0
        },
        "weighted avg": {
          "precision": 0.7718508249279759,
          "recall": 0.77414539483505,
          "f1-score": 0.7446678393493213,
          "support": 6699.0
        }
      },
      "confusion_matrix": [
        [
          713,
          1290
        ],
        [
          223,
          4473
        ]
      ]
    },
    {
      "accuracy": 0.7751903269144649,
      "f1_score": 0.8559127439724454,
      "precision": 0.7771021542738012,
      "recall": 0.9525127768313458,
      "loss": 0.4626180740996653,
      "classification_report": {
        "Not Eligible": {
          "precision": 0.7635206786850477,
          "recall": 0.3594608087868198,
          "f1-score": 0.48879837067209775,
          "support": 2003.0
        },
        "Eligible": {
          "precision": 0.7771021542738012,
          "recall": 0.9525127768313458,
          "f1-score": 0.8559127439724454,
          "support": 4696.0
        },
        "accuracy": 0.7751903269144649,
        "macro avg": {
          "precision": 0.7703114164794245,
          "recall": 0.6559867928090828,
          "f1-score": 0.6723555573222716,
          "support": 6699.0
        },
        "weighted avg": {
          "precision": 0.7730412951001524,
          "recall": 0.7751903269144649,
          "f1-score": 0.7461456011570108,
          "support": 6699.0
        }
      },
      "confusion_matrix": [
        [
          720,
          1283
        ],
        [
          223,
          4473
        ]
      ]
    },
    {
      "accuracy": 0.7801164352888491,
      "f1_score": 0.8579419423280934,
      "precision": 0.7840648686761854,
      "recall": 0.9471890971039182,
      "loss": 0.4599726560359487,
      "classification_report": {
        "Not Eligible": {
          "precision": 0.7582846003898636,
          "recall": 0.38841737393909137,
          "f1-score": 0.5137008913832948,
          "support": 2003.0
        },