{
  "train_losses": [
    0.44053072477458255,
    0.42480107188421756,
    0.41270508647828374,
    0.41298070970550516,
    0.39436486951503336,
    0.39634211543575754
  ],
  "val_losses": [
    0.42064776027060763,
    0.4273529096634479,
    0.4333093394600849,
    0.41491639548988957,
    0.4323888132886083,
    0.43133743520715045
  ],
  "learning_rates": [
    5e-06,
    5e-06,
    5e-06,
    5e-06,
    5.000000000000001e-07,
    5.000000000000001e-07
  ],
  "train_metrics": [
    {
      "accuracy": 0.8039186359557284,
      "f1_score": 0.8912123475230271,
      "precision": 0.8038922155688623,
      "recall": 0.9998138149320425,
      "loss": 0.44053072477458255,
      "classification_report": {
        "Not Eligible": {
          "precision": 0.8333333333333334,
          "recall": 0.0038022813688212928,
          "f1-score": 0.00757002271006813,
          "support": 1315.0
        },
        "Eligible": {
          "precision": 0.8038922155688623,
          "recall": 0.9998138149320425,
          "f1-score": 0.8912123475230271,
          "support": 5371.0
        },
        "accuracy": 0.8039186359557284,
        "macro avg": {
          "precision": 0.8186127744510978,
          "recall": 0.5018080481504319,
          "f1-score": 0.44939118511654763,
          "support": 6686.0
        },
        "weighted avg": {
          "precision": 0.8096826836903518,
          "recall": 0.8039186359557284,
          "f1-score": 0.7174179028432424,
          "support": 6686.0
        }
      },
      "confusion_matrix": [
        [
          5,
          1310
        ],
        [
          1,
          5370
        ]
      ]
    },
    {
      "accuracy": 0.8031708046664673,
      "f1_score": 0.8908427339084274,
      "precision": 0.8032909498878086,
      "recall": 0.9998138149320425,
      "loss": 0.42480107188421756,
      "classification_report": {
        "Not Eligible": {
          "precision": 0.0,
          "recall": 0.0,
          "f1-score": 0.0,
          "support": 1315.0
        },
        "Eligible": {
          "precision": 0.8032909498878086,
          "recall": 0.9998138149320425,
          "f1-score": 0.8908427339084274,
          "support": 5371.0
        },
        "accuracy": 0.8031708046664673,
        "macro avg": {
          "precision": 0.4016454749439043,
          "recall": 0.49990690746602123,
          "f1-score": 0.4454213669542137,
          "support": 6686.0
        },
        "weighted avg": {
          "precision": 0.6452999838240232,
          "recall": 0.8031708046664673,
          "f1-score": 0.7156321154385528,
          "support": 6686.0
        }
      },
      "confusion_matrix": [
        [
          0,
          1315
        ],
        [
          1,
          5370
        ]
      ]
    },
    {
      "accuracy": 0.8030212384086151,
      "f1_score": 0.8907144635299975,
      "precision": 0.8034431137724551,
      "recall": 0.9992552597281698,
      "loss": 0.41270508647828374,
      "classification_report": {
        "Not Eligible": {
          "precision": 0.3333333333333333,
          "recall": 0.001520912547528517,
          "f1-score": 0.003028009084027252,
          "support": 1315.0
        },
        "Eligible": {
          "precision": 0.8034431137724551,
          "recall": 0.9992552597281698,
          "f1-score": 0.8907144635299975,
          "support": 5371.0
        },
        "accuracy": 0.8030212384086151,
        "macro avg": {
          "precision": 0.5683882235528942,
          "recall": 0.5003880861378491,
          "f1-score": 0.44687123630701236,
          "support": 6686.0
        },
        "weighted avg": {
          "precision": 0.710982096530839,
          "recall": 0.8030212384086151,
          "f1-score": 0.7161246209340582,
          "support": 6686.0
        }
      },
      "confusion_matrix": [
        [
          2,
          1313
        ],
        [
          4,
          5367
        ]
      ]
    },
    {
      "accuracy": 0.8024229733772061,
      "f1_score": 0.8902732785115043,
      "precision": 0.8036892621475705,
      "recall": 0.9977657791845094,
      "loss": 0.41298070970550516,
      "classification_report": {
        "Not Eligible": {
          "precision": 0.3333333333333333,
          "recall": 0.0045627376425855515,
          "f1-score": 0.00900225056264066,
          "support": 1315.0
        },
        "Eligible": {
          "precision": 0.8036892621475705,
          "recall": 0.9977657791845094,
          "f1-score": 0.8902732785115043,
          "support": 5371.0
        },
        "accuracy": 0.8024229733772061,
        "macro avg": {
          "precision": 0.568511297740452,
          "recall": 0.5011642584135475,
          "f1-score": 0.4496377645370725,
          "support": 6686.0
        },
        "weighted avg": {
          "precision": 0.7111798325348391,
          "recall": 0.8024229733772061,
          "f1-score": 0.7169452196193781,
          "support": 6686.0
        }
      },
      "confusion_matrix": [
        [
          6,
          1309
        ],
        [
          12,
          5359
        ]
      ]
    },
    {
      "accuracy": 0.8031708046664673,
      "f1_score": 0.8906976744186047,
      "precision": 0.8040185934922777,
      "recall": 0.9983243343883821,
      "loss": 0.39436486951503336,
      "classification_report": {
        "Not Eligible": {
          "precision": 0.47058823529411764,
          "recall": 0.006083650190114068,
          "f1-score": 0.012012012012012012,
          "support": 1315.0
        },
        "Eligible": {
          "precision": 0.8040185934922777,
          "recall": 0.9983243343883821,
          "f1-score": 0.8906976744186047,
          "support": 5371.0
        },
        "accuracy": 0.8031708046664673,
        "macro avg": {
          "precision": 0.6373034143931977,
          "recall": 0.5022039922892481,
          "f1-score": 0.45135484321530833,
          "support": 6686.0
        },
        "weighted avg": {
          "precision": 0.7384396343192923,
          "recall": 0.8031708046664673,
          "f1-score": 0.7178781042623574,
          "support": 6686.0
        }
      },
      "confusion_matrix": [
        [
          8,
          1307
        ],
        [
          9,
          5362
        ]
      ]
    },
    {
      "accuracy": 0.803619503440024,
      "f1_score": 0.8908471194613019,
      "precision": 0.8047461700210273,
      "recall": 0.9975795941165518,
      "loss": 0.39634211543575754,
      "classification_report": {
        "Not Eligible": {
          "precision": 0.5357142857142857,
          "recall": 0.011406844106463879,
          "f1-score": 0.022338049143708117,
          "support": 1315.0
        },
        "Eligible": {
          "precision": 0.8047461700210273,
          "recall": 0.9975795941165518,
          "f1-score": 0.8908471194613019,
          "support": 5371.0
        },
        "accuracy": 0.803619503440024,
        "macro avg": {
          "precision": 0.6702302278676565,
          "recall": 0.5044932191115079,
          "f1-score": 0.456592584302505,
          "support": 6686.0
        },
        "weighted avg": {
          "precision": 0.7518330788060459,
          "recall": 0.803619503440024,
          "f1-score": 0.7200290776623735,
          "support": 6686.0
        }
      },
      "confusion_matrix": [
        [
          15,
          1300
        ],
        [
          13,
          5358
        ]
      ]
    }
  ],
  "val_metrics": [
    {
      "accuracy": 0.8032100488485694,
      "f1_score": 0.8908668730650154,
      "precision": 0.8032100488485694,
      "recall": 1.0,
      "loss": 0.42064776027060763,
      "classification_report": {
        "Not Eligible": {
          "precision": 0.0,
          "recall": 0.0,
          "f1-score": 0.0,
          "support": 282.0
        },
        "Eligible": {
          "precision": 0.8032100488485694,
          "recall": 1.0,
          "f1-score": 0.8908668730650154,