{
  "train_losses": [
    0.6953839903274242,
    0.6942031790417307,
    0.6940610937826527,
    0.6937389844195346,
    0.6925010219809601,
    0.6923230864823005
  ],
  "val_losses": [
    0.6954597524606465,
    0.6928691785843646,
    0.6941280817724967,
    0.6933629047023794,
    0.6930230960168474,
    0.6929527654673884
  ],
  "learning_rates": [
    5e-06,
    5e-06,
    5e-06,
    5e-06,
    5.000000000000001e-07,
    5.000000000000001e-07
  ],
  "train_metrics": [
    {
      "accuracy": 0.5002197802197802,
      "f1_score": 0.49604786880401863,
      "precision": 0.5006337135614702,
      "recall": 0.49154527487006805,
      "loss": 0.6953839903274242,
      "classification_report": {
        "Not Eligible": {
          "precision": 0.4998199755166703,
          "recall": 0.5089082777329716,
          "f1-score": 0.5043231853520308,
          "support": 13639.0
        },
        "Eligible": {
          "precision": 0.5006337135614702,
          "recall": 0.49154527487006805,
          "f1-score": 0.49604786880401863,
          "support": 13661.0
        },
        "accuracy": 0.5002197802197802,
        "macro avg": {
          "precision": 0.5002268445390703,
          "recall": 0.5002267763015198,
          "f1-score": 0.5001855270780247,
          "support": 27300.0
        },
        "weighted avg": {
          "precision": 0.5002271724188686,
          "recall": 0.5002197802197802,
          "f1-score": 0.5001821927013936,
          "support": 27300.0
        }
      },
      "confusion_matrix": [
        [
          6941,
          6698
        ],
        [
          6946,
          6715
        ]
      ]
    },
    {
      "accuracy": 0.4977289377289377,
      "f1_score": 0.5025034467745446,
      "precision": 0.4981655995971513,
      "recall": 0.5069175023790352,
      "loss": 0.6942031790417307,
      "classification_report": {
        "Not Eligible": {
          "precision": 0.49727591611314276,
          "recall": 0.4885255517266662,
          "f1-score": 0.49286189806938385,
          "support": 13639.0
        },
        "Eligible": {
          "precision": 0.4981655995971513,
          "recall": 0.5069175023790352,
          "f1-score": 0.5025034467745446,
          "support": 13661.0
        },
        "accuracy": 0.4977289377289377,
        "macro avg": {
          "precision": 0.497720757855147,
          "recall": 0.49772152705285067,
          "f1-score": 0.49768267242196423,
          "support": 27300.0
        },
        "weighted avg": {
          "precision": 0.49772111633567173,
          "recall": 0.4977289377289377,
          "f1-score": 0.4976865572950689,
          "support": 27300.0
        }
      },
      "confusion_matrix": [
        [
          6663,
          6976
        ],
        [
          6736,
          6925
        ]
      ]
    },
    {
      "accuracy": 0.5047985347985348,
      "f1_score": 0.512881490289338,
      "precision": 0.5050383196139654,
      "recall": 0.5209721103872337,
      "loss": 0.6940610937826527,
      "classification_report": {
        "Not Eligible": {
          "precision": 0.5045427013930951,
          "recall": 0.48859887088496223,
          "f1-score": 0.4964428055276195,
          "support": 13639.0
        },
        "Eligible": {
          "precision": 0.5050383196139654,
          "recall": 0.5209721103872337,
          "f1-score": 0.512881490289338,
          "support": 13661.0
        },
        "accuracy": 0.5047985347985348,
        "macro avg": {
          "precision": 0.5047905105035302,
          "recall": 0.504785490636098,
          "f1-score": 0.5046621479084787,
          "support": 27300.0
        },
        "weighted avg": {
          "precision": 0.5047907102031797,
          "recall": 0.5047985347985348,
          "f1-score": 0.5046687715543534,
          "support": 27300.0
        }
      },
      "confusion_matrix": [
        [
          6664,
          6975
        ],
        [
          6544,
          7117
        ]
      ]
    },
    {
      "accuracy": 0.5062637362637362,
      "f1_score": 0.5234239649259272,
      "precision": 0.5062234988373684,
      "recall": 0.5418344191494034,
      "loss": 0.6937389844195346,
      "classification_report": {
        "Not Eligible": {
          "precision": 0.5063101435557659,
          "recall": 0.4706356771024269,
          "f1-score": 0.4878215602082304,
          "support": 13639.0
        },
        "Eligible": {
          "precision": 0.5062234988373684,
          "recall": 0.5418344191494034,
          "f1-score": 0.5234239649259272,
          "support": 13661.0
        },
        "accuracy": 0.5062637362637362,
        "macro avg": {
          "precision": 0.5062668211965671,
          "recall": 0.5062350481259151,
          "f1-score": 0.5056227625670788,
          "support": 27300.0
        },
        "weighted avg": {
          "precision": 0.5062667862847758,
          "recall": 0.5062637362637362,
          "f1-score": 0.505637107858357,
          "support": 27300.0
        }
      },
      "confusion_matrix": [
        [
          6419,
          7220
        ],
        [
          6259,
          7402
        ]
      ]
    },
    {
      "accuracy": 0.5135164835164835,
      "f1_score": 0.5406564521149656,
      "precision": 0.5124573826383425,
      "recall": 0.5721396676670815,
      "loss": 0.6925010219809601,
      "classification_report": {
        "Not Eligible": {
          "precision": 0.5148572377158035,
          "recall": 0.4547987389104773,
          "f1-score": 0.482968038307315,
          "support": 13639.0
        },
        "Eligible": {
          "precision": 0.5124573826383425,
          "recall": 0.5721396676670815,
          "f1-score": 0.5406564521149656,
          "support": 13661.0
        },
        "accuracy": 0.5135164835164835,
        "macro avg": {
          "precision": 0.513657310177073,
          "recall": 0.5134692032887793,
          "f1-score": 0.5118122452111403,
          "support": 27300.0
        },
        "weighted avg": {
          "precision": 0.5136563432024996,
          "recall": 0.5135164835164835,
          "f1-score": 0.5118354896269602,
          "support": 27300.0
        }
      },
      "confusion_matrix": [
        [
          6203,
          7436
        ],
        [
          5845,
          7816
        ]
      ]
    },
    {
      "accuracy": 0.5158241758241758,
      "f1_score": 0.5283328575506708,
      "precision": 0.5154215693100327,
      "recall": 0.5419076202327795,
      "loss": 0.6923230864823005,
      "classification_report": {
        "Not Eligible": {
          "precision": 0.5162711602380768,
          "recall": 0.4896986582594032,
          "f1-score": 0.502633955448525,
          "support": 13639.0
        },
        "Eligible": {
          "precision": 0.5154215693100327,
          "recall": 0.5419076202327795,
          "f1-score": 0.5283328575506708,
          "support": 13661.0
        },
        "accuracy": 0.5158241758241758,
        "macro avg": {
          "precision": 0.5158463647740548,
          "recall": 0.5158031392460913,
          "f1-score": 0.5154834064995979,
          "support": 27300.0
        },
        "weighted avg": {
          "precision": 0.5158460224480398,
          "recall": 0.5158241758241758,
          "f1-score": 0.5154937613685767,
          "support": 27300.0
        }
      },
      "confusion_matrix": [
        [
          6679,
          6960
        ],
        [
          6258,
          7403
        ]
      ]
    }
  ],
  "val_metrics": [
    {
      "accuracy": 0.5003418803418803,
      "f1_score": 0.6669704910561696,
      "precision": 0.5003418803418803,
      "recall": 1.0,
      "loss": 0.6954597524606465,
      "classification_report": {
        "Not Eligible": {
          "precision": 0.0,
          "recall": 0.0,
          "f1-score": 0.0,
          "support": 2923.0
        },
        "Eligible": {
          "precision": 0.5003418803418803,
          "recall": 1.0,