{
  "timestamp": "2025-08-09T19:38:16.248653",
  "overall_status": "Completed",
  "neural_metrics": {
    "domain_classifier": {
      "accuracy": 1.0,
      "f1_score": 1.0,
      "precision": 1.0,
      "recall": 1.0,
      "loss": 0.0006959726964537205,
      "classification_report": {
        "0": {
          "precision": 1.0,
          "recall": 1.0,
          "f1-score": 1.0,
          "support": 1054.0
        },
        "1": {
          "precision": 1.0,
          "recall": 1.0,
          "f1-score": 1.0,
          "support": 796.0
        },
        "2": {
          "precision": 1.0,
          "recall": 1.0,
          "f1-score": 1.0,
          "support": 592.0
        },
        "3": {
          "precision": 1.0,
          "recall": 1.0,
          "f1-score": 1.0,
          "support": 442.0
        },
        "4": {
          "precision": 1.0,
          "recall": 1.0,
          "f1-score": 1.0,
          "support": 323.0
        },
        "micro avg": {
          "precision": 1.0,
          "recall": 1.0,
          "f1-score": 1.0,
          "support": 3207.0
        },
        "macro avg": {
          "precision": 1.0,
          "recall": 1.0,
          "f1-score": 1.0,
          "support": 3207.0
        },
        "weighted avg": {
          "precision": 1.0,
          "recall": 1.0,
          "f1-score": 1.0,
          "support": 3207.0
        },
        "samples avg": {
          "precision": 1.0,
          "recall": 1.0,
          "f1-score": 1.0,
          "support": 3207.0
        }
      },
      "confusion_matrix": null
    },
    "eligibility_predictor": {
      "accuracy": 0.8441269841269842,
      "f1_score": 0.8009564745030862,
      "precision": 0.8647410895561536,
      "recall": 0.7763704801332654,
      "loss": 0.4088175039399754,
      "classification_report": {
        "0.0": {
          "precision": 0.9003021148036254,
          "recall": 0.5837414299706171,
          "f1-score": 0.7082590612002376,
          "support": 1021.0
        },
        "1.0": {
          "precision": 0.8291800643086816,
          "recall": 0.9689995302959136,
          "f1-score": 0.8936538878059346,
          "support": 2129.0
        },
        "accuracy": 0.8441269841269842,
        "macro avg": {
          "precision": 0.8647410895561536,
          "recall": 0.7763704801332654,
          "f1-score": 0.8009564745030862,
          "support": 3150.0
        },
        "weighted avg": {
          "precision": 0.8522326400405349,
          "recall": 0.8441269841269842,
          "f1-score": 0.8335624217854849,
          "support": 3150.0
        }
      },
      "confusion_matrix": [
        [
          596,
          425
        ],
        [
          66,
          2063
        ]
      ]
    }
  },
  "prolog_metrics": {
    "accuracy": 0.34,
    "f1_score": 0.0,
    "precision": 0.0,
    "recall": 0.0,
    "classification_report": {
      "False": {
        "precision": 0.34,
        "recall": 1.0,
        "f1-score": 0.5074626865671642,
        "support": 34.0
      },
      "True": {
        "precision": 0.0,
        "recall": 0.0,
        "f1-score": 0.0,
        "support": 66.0
      },
      "accuracy": 0.34,
      "macro avg": {
        "precision": 0.17,
        "recall": 0.5,
        "f1-score": 0.2537313432835821,
        "support": 100.0
      },
      "weighted avg": {
        "precision": 0.11560000000000001,
        "recall": 0.34,
        "f1-score": 0.17253731343283582,
        "support": 100.0
      }
    },
    "confusion_matrix": [
      [
        34,
        0
      ],
      [
        66,
        0
      ]
    ],
    "evaluated_samples": 100
  },
  "hybrid_metrics": {
    "accuracy": 0.82,
    "f1_score": 0.8767123287671232,
    "precision": 0.8,
    "recall": 0.9696969696969697,
    "classification_report": {
      "False": {
        "precision": 0.9,
        "recall": 0.5294117647058824,
        "f1-score": 0.6666666666666666,
        "support": 34.0
      },
      "True": {
        "precision": 0.8,
        "recall": 0.9696969696969697,
        "f1-score": 0.8767123287671232,
        "support": 66.0
      },
      "accuracy": 0.82,
      "macro avg": {
        "precision": 0.8500000000000001,
        "recall": 0.749554367201426,
        "f1-score": 0.7716894977168949,
        "support": 100.0
      },
      "weighted avg": {
        "precision": 0.8340000000000001,
        "recall": 0.82,
        "f1-score": 0.805296803652968,
        "support": 100.0
      }
    },
    "confusion_matrix": [
      [
        18,
        16
      ],
      [
        2,
        64
      ]
    ],
    "evaluated_samples": 100
  },
  "component_agreement": {
    "neural_prolog_agreement_rate": 0.2,
    "total_hybrid_samples": 100,
    "neural_accuracy": 0.82,
    "prolog_accuracy": 0.34
  },
  "error_analysis": [
    {
      "sample_id": "sample_12893",
      "query": "I am a separated wife but husband is stalking me and sexual abuse also happening and threatening with photos/videos. What is provision for maintenance and compensation under Domestic Violence Act?",
      "true_label": false,
      "neural_pred": true,
      "neural_prob": 0.8324077129364014,
      "prolog_pred": false,
      "prolog_confidence": 0.3,
      "hybrid_pred": true,
      "fusion_method": "default",
      "error_type": "False Positive",
      "disagreement": {
        "neural_prolog": true,
        "neural_gt": true,
        "prolog_gt": false
      }
    },
    {
      "sample_id": "sample_11445",
      "query": "I am security guard and have been working in manufacturing unit for 1 year. not paying overtime despite 10-12 hours daily work. Can I file complaint with Labor Commissioner for wage recovery?",
      "true_label": false,
      "neural_pred": true,
      "neural_prob": 0.8942112326622009,
      "prolog_pred": false,
      "prolog_confidence": 0.3,
      "hybrid_pred": true,
      "fusion_method": "default",
      "error_type": "False Positive",
      "disagreement": {
        "neural_prolog": true,
        "neural_gt": true,
        "prolog_gt": false
      }
    },
    {
      "sample_id": "sample_17714",
      "query": "While working as contract laborer at construction site, company suddenly terminated contract without notice. Is remedy available against unfair termination? under labor laws?",
      "true_label": false,
      "neural_pred": true,
      "neural_prob": 0.8510540127754211,
      "prolog_pred": false,
      "prolog_confidence": 0.3,
      "hybrid_pred": true,
      "fusion_method": "default",
      "error_type": "False Positive",
      "disagreement": {
        "neural_prolog": true,
        "neural_gt": true,
        "prolog_gt": false
      }
    },
    {
      "sample_id": "sample_11862",
      "query": "I am factory worker and have been working in construction company for 1 year. sudden termination without notice period and due process. Can I take separate enforcement action for PF/ESI non-compliance?",
      "true_label": false,
      "neural_pred": true,
      "neural_prob": 0.8581493496894836,
      "prolog_pred": false,
      "prolog_confidence": 0.3,
      "hybrid_pred": true,
      "fusion_method": "default",
      "error_type": "False Positive",
      "disagreement": {
        "neural_prolog": true,
        "neural_gt": true,
        "prolog_gt": false
      }
    },
    {
      "sample_id": "sample_14765",
      "query": "During net banking usage, insurance claim rejected without proper reason. I have suffered loss of Rs 100000. Is cyber crime police complaint and consumer case together possible?",
      "true_label": false,
      "neural_pred": true,
      "neural_prob": 0.7700846791267395,
      "prolog_pred": false,
      "prolog_confidence": 0.3,
      "hybrid_pred": true,
      "fusion_method": "default",
      "error_type": "False Positive",
      "disagreement": {
        "neural_prolog": true,
        "neural_gt": true,
        "prolog_gt": false
      }
    },
    {
      "sample_id": "sample_16015",