{
  "timestamp": "2025-08-07T12:59:39.690114",
  "overall_status": "Completed",
  "neural_metrics": {
    "domain_classifier": {
      "accuracy": 1.0,
      "f1_score": 1.0,
      "precision": 1.0,
      "recall": 1.0,
      "loss": 0.0006960319108929518,
      "classification_report": {
        "0": {
          "precision": 1.0,
          "recall": 1.0,
          "f1-score": 1.0,
          "support": 1054.0
        },
        "1": {
          "precision": 1.0,
          "recall": 1.0,
          "f1-score": 1.0,
          "support": 796.0
        },
        "2": {
          "precision": 1.0,
          "recall": 1.0,
          "f1-score": 1.0,
          "support": 592.0
        },
        "3": {
          "precision": 1.0,
          "recall": 1.0,
          "f1-score": 1.0,
          "support": 442.0
        },
        "4": {
          "precision": 1.0,
          "recall": 1.0,
          "f1-score": 1.0,
          "support": 323.0
        },
        "micro avg": {
          "precision": 1.0,
          "recall": 1.0,
          "f1-score": 1.0,
          "support": 3207.0
        },
        "macro avg": {
          "precision": 1.0,
          "recall": 1.0,
          "f1-score": 1.0,
          "support": 3207.0
        },
        "weighted avg": {
          "precision": 1.0,
          "recall": 1.0,
          "f1-score": 1.0,
          "support": 3207.0
        },
        "samples avg": {
          "precision": 1.0,
          "recall": 1.0,
          "f1-score": 1.0,
          "support": 3207.0
        }
      },
      "confusion_matrix": null
    },
    "eligibility_predictor": {
      "accuracy": 0.8441269841269842,
      "f1_score": 0.8009564745030862,
      "precision": 0.8647410895561536,
      "recall": 0.7763704801332654,
      "loss": 0.4094507180740537,
      "classification_report": {
        "0.0": {
          "precision": 0.9003021148036254,
          "recall": 0.5837414299706171,
          "f1-score": 0.7082590612002376,
          "support": 1021.0
        },
        "1.0": {
          "precision": 0.8291800643086816,
          "recall": 0.9689995302959136,
          "f1-score": 0.8936538878059346,
          "support": 2129.0
        },
        "accuracy": 0.8441269841269842,
        "macro avg": {
          "precision": 0.8647410895561536,
          "recall": 0.7763704801332654,
          "f1-score": 0.8009564745030862,
          "support": 3150.0
        },
        "weighted avg": {
          "precision": 0.8522326400405349,
          "recall": 0.8441269841269842,
          "f1-score": 0.8335624217854849,
          "support": 3150.0
        }
      },
      "confusion_matrix": [
        [
          596,
          425
        ],
        [
          66,
          2063
        ]
      ]
    }
  },
  "prolog_metrics": {
    "accuracy": 0.34,
    "f1_score": 0.0,
    "precision": 0.0,
    "recall": 0.0,
    "classification_report": {
      "False": {
        "precision": 0.34,
        "recall": 1.0,
        "f1-score": 0.5074626865671642,
        "support": 34.0
      },
      "True": {
        "precision": 0.0,
        "recall": 0.0,
        "f1-score": 0.0,
        "support": 66.0
      },
      "accuracy": 0.34,
      "macro avg": {
        "precision": 0.17,
        "recall": 0.5,
        "f1-score": 0.2537313432835821,
        "support": 100.0
      },
      "weighted avg": {
        "precision": 0.11560000000000001,
        "recall": 0.34,
        "f1-score": 0.17253731343283582,
        "support": 100.0
      }
    },
    "confusion_matrix": [
      [
        34,
        0
      ],
      [
        66,
        0
      ]
    ],
    "evaluated_samples": 100
  },
  "hybrid_metrics": {
    "error": "No hybrid predictions generated"
  },
  "component_agreement": {},
  "error_analysis": [],
  "sample_size": 3150,
  "config_summary": "HybEx-Law Config - Data: verified_fallback, Models: 3, Legal Sources: Unknown"
}